PDBID,RMSD,Clashing_CA,Clashing,Res0,Res1,Res2,Res3,Res4,SC,SS,gene,uniprot,domain,start,end
5fqd_C,0.00040542923129920544,0.0,0.0,ASN 36,ILE 37,THR 38,ASN 39,GLY 40,0.8,EEETTT  EEE,CSNK1A1,P48729,Protein kinase domain,1.0,337.0
5fqd_F,0.04111760702831417,0.0,0.0,ASN 36,ILE 37,THR 38,ASN 39,GLY 40,0.797,EEETTT  EEE,CSNK1A1,P48729,Protein kinase domain,1.0,337.0
LIMD1xZinc-finger-596-664_A,0.152945333280894,0.0,6.0,CYS 630,GLU 631,ASP 632,CYS 633,GLY 634,0.584, B TTT PBP ,LIMD1,C9JRJ5,Zinc-finger,596,664
LIMD1xZinc-finger-597-661_A,0.152945333280894,0.0,3.0,CYS 630,GLU 631,ASP 632,CYS 633,GLY 634,0.597, B TTT PBP ,LIMD1,C9JRJ5,Zinc-finger,597,661
CSNK1A1xProtein-kinase-domain-17-285_A,0.1596182728825513,0.0,0.0,ASN 36,ILE 37,THR 38,ASN 39,GLY 40,0.727,EE TTT  EEE,CSNK1A1,Q05DL3,Protein-kinase-domain,17,285
CSNK1A1xProtein-kinase-domain-17-235_A,0.1596182728825513,0.0,0.0,ASN 36,ILE 37,THR 38,ASN 39,GLY 40,0.727,EE TTT  EEE,CSNK1A1,Q05DL3,Protein-kinase-domain,17,235
CHD7xBRK-domain-2641-2684_A,0.16897570936300083,0.0,2.0,ASN 1251,LYS 1252,ARG 1253,ASN 1254,GLY 1255,0.74,EEETTT PEE ,CHD7,L8E8D7,BRK-domain,2641,2684
8g66_F,0.18059467355942127,0.0,0.0,ASN 36,ILE 37,THR 38,ASN 39,GLY 40,0.747,EEETTT  EEE,CSNK1A1,P48729,Protein kinase domain,1.0,337.0
5cem_A,0.18647127514747106,0.0,0.0,CYS 110,ILE 111,HIS 112,THR 113,GLY 114,0.715,EEETTT  EEE,TRIB1,Q96RU8,Protein kinase domain,83.0,371.0
8g66_C,0.18706347907558665,0.0,0.0,ASN 36,ILE 37,THR 38,ASN 39,GLY 40,0.707,EEETTT  EEE,CSNK1A1,P48729,Protein kinase domain,1.0,337.0
2wqn_A,0.19433696942326711,0.0,7.0,CYS 53,LEU 54,LEU 55,ASP 56,GLY 57,0.431,EEETTT  EEE,NEK7,Q8TDX7,Protein kinase domain,1.0,302.0
5de2_B,0.1991542430621923,0.0,4.0,CYS 53,LEU 54,LEU 55,ASP 56,GLY 57,0.457,EEETTT  EEE,NEK7,Q8TDX7,Protein kinase domain,1.0,302.0
NEK7xProtein-kinase-domain-35-286_A,0.20142689798305627,0.0,5.0,CYS 53,LEU 54,LEU 55,ASP 56,GLY 57,0.512,EE TTT  EEE,NEK7,F8WAG2,Protein-kinase-domain,35,286
NEK7xProtein-kinase-domain-34-299_A,0.20142689798305627,0.0,5.0,CYS 53,LEU 54,LEU 55,ASP 56,GLY 57,0.48,EE TTT  EEE,NEK7,F8WAG2,Protein-kinase-domain,34,299
6gzd_A,0.20158397463266084,0.0,1.0,ASN 36,ILE 37,THR 38,ASN 39,GLY 40,0.74,EEETTT  EEE,CSNK1A1,P48729,Protein kinase domain,1.0,337.0
2wqm_A,0.21720768762975598,0.0,8.0,CYS 53,LEU 54,LEU 55,ASP 56,GLY 57,0.419,EEETTT  EEE,NEK7,Q8TDX7,Protein kinase domain,1.0,302.0
KIFC3xKinesin-motor-domain-451-768_A,0.22633405420366196,0.0,0.0,ASP 659,CYS 660,SER 661,THR 662,GLY 663,0.749,EEETTT  EEE,KIFC3,F5H3M2,Kinesin-motor-domain,451,768
KIFC3xKinesin-motor-domain-445-768_A,0.22633405420366196,0.0,0.0,ASP 659,CYS 660,SER 661,THR 662,GLY 663,0.749,EEETTT  EEE,KIFC3,F5H3M2,Kinesin-motor-domain,445,768
KIFC3xKinesin-motor-domain-443-776_A,0.22633405420366196,0.0,1.0,ASP 659,CYS 660,SER 661,THR 662,GLY 663,0.701,EEETTT  EEE,KIFC3,F5H3M2,Kinesin-motor-domain,443,776
SCYL1xProtein-kinase-domain-14-314_A,0.2284188630439375,0.0,2.0,LYS 36,LYS 37,ALA 38,THR 39,GLY 40,0.649,EE TTT  EEE,SCYL1,H0YCI6,Protein-kinase-domain,14,314
EWSR1xRNA-recognition-motif-domain-361-447_A,0.24170024825276828,0.0,11.0,ASN 390,LYS 391,ARG 392,THR 393,GLY 394,0.411,PB TTT  B E,EWSR1,B0QYJ5,RNA-recognition-motif-domain,361,447
EWSR1xRNA-recognition-motif-domain-363-441_A,0.24170024825276828,0.0,11.0,ASN 390,LYS 391,ARG 392,THR 393,GLY 394,0.411,PB TTT  B E,EWSR1,B0QYJ5,RNA-recognition-motif-domain,363,441
5de2_A,0.2611450978507914,0.0,4.0,CYS 53,LEU 54,LEU 55,ASP 56,GLY 57,0.474,EEETTT  EEE,NEK7,Q8TDX7,Protein kinase domain,1.0,302.0
8d7m_A,0.26642470480090397,0.0,3.0,ASP 28,ILE 29,ALA 30,ALA 31,GLY 32,0.604,EEETTT  EEE,CSNK1D,P48730,Protein kinase domain,1.0,294.0
PLK3xProtein-kinase-domain-64-314_A,0.26706823757728926,0.0,5.0,ASP 81,THR 82,GLU 83,THR 84,GLY 85,0.635,EE TTT  EEE,PLK3,Q9H4B4,Protein-kinase-domain,64,314
PLK3xProtein-kinase-domain-62-314_A,0.26706823757728926,0.0,5.0,ASP 81,THR 82,GLU 83,THR 84,GLY 85,0.618,EE TTT  EEE,PLK3,Q9H4B4,Protein-kinase-domain,62,314
8d7n_A,0.2694173828411782,0.0,4.0,ASP 28,ILE 29,ALA 30,ALA 31,GLY 32,0.564,EEETTT  EEE,CSNK1D,P48730,Protein kinase domain,1.0,294.0
3t5i_B,0.2836890432414323,0.0,2.0,ASP 24,ALA 25,GLU 26,THR 27,GLY 28,0.584,EEETTT  EEE,PDE6D,O43924,"GMP phosphodiesterase, delta subunit superfamily",1.0,150.0
8d7o_A,0.28400163455415783,0.0,3.0,ASP 28,ILE 29,ALA 30,ALA 31,GLY 32,0.564,EEETTT  EEE,CSNK1D,P48730,Protein kinase domain,1.0,294.0
7pad_B,0.2931750109492163,0.0,4.0,ASP 24,ALA 25,GLU 26,THR 27,GLY 28,0.51,EEETTT  EEE,PDE6D,O43924,"GMP phosphodiesterase, delta subunit superfamily",2.0,150.0
MNAT1xZinc-finger-3-50_A,0.29468953495811506,1.0,7.0,CYS 46,PRO 47,GLU 48,CYS 49,GLY 50,0.626,   TTT ????,MNAT1,A0A0S2Z414,Zinc-finger,3,50
4b6l_A,0.2961516446328891,0.0,7.0,ASP 81,THR 82,GLU 83,THR 84,GLY 85,0.569,EEETTT  EEE,PLK3,Q9H4B4,Protein kinase domain,52.0,332.0
5hxb_A,0.29699974845309157,0.0,1.0,ASP 571,LYS 572,LYS 573,SER 574,GLY 575,0.64, B TTT  B S,GSPT1,P15170,"Translation elongation factor EFTu/EF1A, C-terminal",300.0,496.0
WBP4xWW-domain-163-196_A,0.3014936382216261,0.0,4.0,ASN 183,THR 184,GLU 185,THR 186,GLY 187,0.636,EEETTT  EES,WBP4,O75554,WW-domain,163,196
WBP4xWW-domain-169-194_A,0.3014936382216261,0.0,4.0,ASN 183,THR 184,GLU 185,THR 186,GLY 187,0.667,EE TTT  EES,WBP4,O75554,WW-domain,169,194
5tb5_D,0.3067529214138864,0.0,3.0,ASP 24,ALA 25,GLU 26,THR 27,GLY 28,0.576,EEETTT  EEE,PDE6D,O43924,"GMP phosphodiesterase, delta subunit superfamily",1.0,150.0
5ml4_B,0.31481286355216626,0.0,4.0,ASP 24,ALA 25,GLU 26,THR 27,GLY 28,0.442,EEETTT  EEE,PDE6D,O43924,"GMP phosphodiesterase, delta subunit superfamily",2.0,150.0
5ml2_B,0.3168011011575882,0.0,4.0,ASP 24,ALA 25,GLU 26,THR 27,GLY 28,0.482,EEETTT  EEE,PDE6D,O43924,"GMP phosphodiesterase, delta subunit superfamily",2.0,150.0
5hxb_X,0.318771841385752,0.0,2.0,ASP 571,LYS 572,LYS 573,SER 574,GLY 575,0.627, B TTT  B S,GSPT1,P15170,"Translation elongation factor EFTu/EF1A, C-terminal",300.0,496.0
LIMK1xZinc-finger-84-141_A,0.3200844140741531,0.0,3.0,CYS 111,LEU 112,THR 113,CYS 114,GLY 115,0.606, B TTT  B  ,LIMK1,Q75MU4,Zinc-finger,84,141
LIMK1xZinc-finger-83-144_A,0.3200844140741531,0.0,5.0,CYS 111,LEU 112,THR 113,CYS 114,GLY 115,0.577, B TTT  B  ,LIMK1,Q75MU4,Zinc-finger,83,144
8d7m_B,0.3206642174450214,0.0,2.0,ASP 28,ILE 29,ALA 30,ALA 31,GLY 32,0.57,EEETTT  EEE,CSNK1D,P48730,Protein kinase domain,1.0,294.0
5tb5_B,0.3211166694845306,0.0,1.0,ASP 24,ALA 25,GLU 26,THR 27,GLY 28,0.598,EEETTT  EEE,PDE6D,O43924,"GMP phosphodiesterase, delta subunit superfamily",1.0,150.0
RELBxIPT-domain-302-398_A,0.322173186899744,0.0,1.0,ARG 383,LEU 384,THR 385,ASP 386,GLY 387,0.658,EE TTT PBPP,RELB,K7ERX9,IPT-domain,302,398
5e80_A,0.3237512348255957,0.0,0.0,ASP 24,ALA 25,ALA 26,THR 27,GLY 28,0.692,EEETTT  EEE,PDE6D,O43924,"GMP phosphodiesterase, delta subunit superfamily",2.0,150.0
7n3u_A,0.32656893950671323,1.0,13.0,LYS 318,ARG 319,LEU 320,ASP 321,GLY 322,0.401,EEETTT  EEE,WEE1,P30291,Protein kinase domain,291.0,575.0
LIMK1xProtein-kinase-domain-339-604_A,0.32670930729616876,1.0,6.0,HIS 358,ARG 359,GLU 360,THR 361,GLY 362,0.607,EE TTT  EEE,LIMK1,Q75MU4,Protein-kinase-domain,339,604
8bju_A,0.33197423319408514,1.0,14.0,LYS 318,ARG 319,LEU 320,ASP 321,GLY 322,0.356,EEETTT  EEE,WEE1,P30291,Protein kinase domain,291.0,575.0
5ml3_B,0.3337983691174892,0.0,2.0,ASP 24,ALA 25,GLU 26,THR 27,GLY 28,0.602,EEETTT  EEE,PDE6D,O43924,"GMP phosphodiesterase, delta subunit superfamily",2.0,150.0
7pac_B,0.3339196332911576,0.0,5.0,ASP 24,ALA 25,GLU 26,THR 27,GLY 28,0.484,EEETTT  EEE,PDE6D,O43924,"GMP phosphodiesterase, delta subunit superfamily",2.0,150.0
8d7o_B,0.33616598527654384,0.0,2.0,ASP 28,ILE 29,ALA 30,ALA 31,GLY 32,0.479,EEETTT  EEE,CSNK1D,P48730,Protein kinase domain,1.0,294.0
3t5i_D,0.3363408133473305,0.0,1.0,ASP 24,ALA 25,GLU 26,THR 27,GLY 28,0.678,EEETTT  EEE,PDE6D,O43924,"GMP phosphodiesterase, delta subunit superfamily",1.0,150.0
3t5i_C,0.33653152980410495,0.0,0.0,ASP 24,ALA 25,GLU 26,THR 27,GLY 28,0.655,EEETTT  EEE,PDE6D,O43924,"GMP phosphodiesterase, delta subunit superfamily",1.0,150.0
7b8w_B,0.33677891376358293,0.0,6.0,HIS 358,ARG 359,GLU 360,THR 361,GLY 362,0.444,EEETTT  EEE,LIMK1,P53667,Protein kinase domain,330.0,637.0
3t5g_B,0.3368350696438384,0.0,4.0,ASP 24,ALA 25,GLU 26,THR 27,GLY 28,0.58,EEETTT  EEE,PDE6D,O43924,"GMP phosphodiesterase, delta subunit superfamily",1.0,150.0
CHD7xBRK-domain-2563-2605_A,0.33775433596361726,0.0,0.0,ASN 1173,LEU 1174,GLU 1175,ASP 1176,GLY 1177,0.673,EEETTT  EE ,CHD7,L8E8D7,BRK-domain,2563,2605
4tn6_A,0.33977216824202344,0.0,6.0,ASP 28,ILE 29,ALA 30,ALA 31,GLY 32,0.45,EEETTT  EEE,CSNK1D,P48730,Protein kinase domain,1.0,301.0
7b8w_A,0.3406612457715479,0.0,8.0,HIS 358,ARG 359,GLU 360,THR 361,GLY 362,0.476,EEETTT  EEE,LIMK1,P53667,Protein kinase domain,330.0,637.0
5ml6_B,0.34130287465459164,0.0,3.0,ASP 24,ALA 25,GLU 26,THR 27,GLY 28,0.475,EEETTT  EEE,PDE6D,O43924,"GMP phosphodiesterase, delta subunit superfamily",2.0,150.0
5cek_A,0.341966638145201,0.0,1.0,CYS 110,ILE 111,HIS 112,THR 113,GLY 114,0.591,EEETTT  EEE,TRIB1,Q96RU8,Protein kinase domain,83.0,343.0
8d7p_A,0.3436088929332857,0.0,2.0,ASP 28,ILE 29,ALA 30,ALA 31,GLY 32,0.573,EEETTT  EEE,CSNK1D,P48730,Protein kinase domain,1.0,294.0
5nal_B,0.3459955454985398,0.0,4.0,ASP 24,ALA 25,GLU 26,THR 27,GLY 28,0.479,EEETTT  EEE,PDE6D,O43924,"GMP phosphodiesterase, delta subunit superfamily",1.0,150.0
3t5i_A,0.3472144550900624,0.0,0.0,ASP 24,ALA 25,GLU 26,THR 27,GLY 28,0.684,EEETTT  EEE,PDE6D,O43924,"GMP phosphodiesterase, delta subunit superfamily",1.0,150.0
5f2u_A,0.35039321926970246,0.0,7.0,ASP 24,ALA 25,GLU 26,THR 27,GLY 28,0.538,EEETTT  EEE,PDE6D,O43924,"GMP phosphodiesterase, delta subunit superfamily",2.0,150.0
8aau_L,0.3512698324590802,0.0,11.0,HIS 358,ARG 359,GLU 360,THR 361,GLY 362,0.415,EEETTT  EEE,LIMK1,P53667,Protein kinase domain,330.0,637.0
5tar_B,0.35128634642894224,0.0,2.0,ASP 24,ALA 25,GLU 26,THR 27,GLY 28,0.562,EEETTT  EEE,PDE6D,O43924,"GMP phosphodiesterase, delta subunit superfamily",3.0,150.0
4jvf_B,0.3513191243297956,0.0,4.0,ASP 24,ALA 25,GLU 26,THR 27,GLY 28,0.499,EEETTT  EEE,PDE6D,O43924,"GMP phosphodiesterase, delta subunit superfamily",1.0,150.0
8d7n_B,0.3543491146087432,0.0,1.0,ASP 28,ILE 29,ALA 30,ALA 31,GLY 32,0.552,EEETTT  EEE,CSNK1D,P48730,Protein kinase domain,1.0,294.0
7b8w_C,0.3548622975862447,1.0,13.0,HIS 358,ARG 359,GLU 360,THR 361,GLY 362,0.494,EEETTT  EEE,LIMK1,P53667,Protein kinase domain,330.0,637.0
TRIB3xProtein-kinase-domain-68-315_A,0.36154614916292094,1.0,6.0,HIS 87,CYS 88,PRO 89,THR 90,GLY 91,0.503,EEETTTTEEEE,TRIB3,B0QYQ2,Protein-kinase-domain,68,315
TRIB3xProtein-kinase-domain-81-315_A,0.36154614916292094,1.0,6.0,HIS 87,CYS 88,PRO 89,THR 90,GLY 91,0.507,EEETTTTEEEE,TRIB3,B0QYQ2,Protein-kinase-domain,81,315
5e80_B,0.36205343834241377,0.0,2.0,ASP 24,ALA 25,ALA 26,THR 27,GLY 28,0.582,EEETTT  EEE,PDE6D,O43924,"GMP phosphodiesterase, delta subunit superfamily",2.0,150.0
4jhp_B,0.36520509724291517,0.0,4.0,ASP 24,ALA 25,GLU 26,THR 27,GLY 28,0.536,EEETTT  EEE,PDE6D,O43924,"GMP phosphodiesterase, delta subunit superfamily",1.0,150.0
4kbc_A,0.3712708426774532,0.0,4.0,ASP 28,ILE 29,ALA 30,ALA 31,GLY 32,0.508,EEETTT  EEE,CSNK1D,P48730,Protein kinase domain,1.0,317.0
PDE6DxGMP-phosphodiesterase-10-149_A,0.37551518957476654,0.0,2.0,ASP 24,ALA 25,GLU 26,THR 27,GLY 28,0.639,EEETTT  EEE,PDE6D,C9IZ52,GMP-phosphodiesterase,10,149
2jxw_A,0.37659055154987736,0.0,9.0,ASN 62,THR 63,GLU 64,THR 65,GLY 66,0.522,EEETTTTEEES,WBP4,O75554,WW domain,122.0,196.0
2z2w_A,0.38299253779352277,0.0,4.0,LYS 318,ARG 319,LEU 320,ASP 321,GLY 322,0.491,EEETTT  EEE,WEE1,P30291,Protein kinase domain,291.0,575.0
GSPT1xTranslation-elongation-factor-EFTu-EF1A-391-494_A,0.3830694175520807,0.0,8.0,ASP 433,LYS 434,LYS 435,SER 436,GLY 437,0.558,EE TTT  EEE,GSPT1,H3BMT9,Translation-elongation-factor-EFTu-EF1A,391,494
1x8b_A,0.38883055836096453,0.0,4.0,LYS 318,ARG 319,LEU 320,ASP 321,GLY 322,0.513,EEETTT  EEE,WEE1,P30291,Protein kinase domain,291.0,575.0
2in6_A,0.38888876559754004,0.0,4.0,LYS 318,ARG 319,LEU 320,ASP 321,GLY 322,0.519,EEETTT  EEE,WEE1,P30291,Protein kinase domain,291.0,575.0
7pae_B,0.3916713165364826,0.0,6.0,ASP 24,ALA 25,GLU 26,THR 27,GLY 28,0.471,EEETTT  EEE,PDE6D,O43924,"GMP phosphodiesterase, delta subunit superfamily",2.0,150.0
3bi6_A,0.39374749241699636,0.0,5.0,LYS 318,ARG 319,LEU 320,ASP 321,GLY 322,0.475,EEETTT  EEE,WEE1,P30291,Protein kinase domain,291.0,575.0
1ksj_B,0.39604717714201687,0.0,5.0,ASP 24,ALA 25,GLU 26,THR 27,GLY 28,0.574,EEETTTTEEEE,PDE6D,O43924,"GMP phosphodiesterase, delta subunit superfamily",1.0,150.0
3biz_A,0.39681668553645827,0.0,6.0,LYS 318,ARG 319,LEU 320,ASP 321,GLY 322,0.498,EEETTT  EEE,WEE1,P30291,Protein kinase domain,291.0,575.0
8d7p_B,0.3968272837067611,0.0,4.0,ASP 28,ILE 29,ALA 30,ALA 31,GLY 32,0.563,EEETTT  EEE,CSNK1D,P48730,Protein kinase domain,1.0,294.0
5ml8_B,0.39729040642546937,0.0,2.0,ASP 24,ALA 25,GLU 26,THR 27,GLY 28,0.5,EEETTT  EEE,PDE6D,O43924,"GMP phosphodiesterase, delta subunit superfamily",2.0,150.0
5f2u_B,0.39784585626440777,0.0,7.0,ASP 24,ALA 25,GLU 26,THR 27,GLY 28,0.572,EEETTT  EEE,PDE6D,O43924,"GMP phosphodiesterase, delta subunit superfamily",2.0,150.0
4jv8_B,0.4007834912018136,0.0,4.0,ASP 24,ALA 25,GLU 26,THR 27,GLY 28,0.521,EEETTT  EEE,PDE6D,O43924,"GMP phosphodiesterase, delta subunit superfamily",1.0,150.0
2nz2_A,0.4054372476985829,0.0,0.0,ASN 237,VAL 238,LYS 239,ASP 240,GLY 241,0.646,EEETTT  EE ,ASS1,P00966,Argininosuccinate synthase,1.0,412.0
2io6_A,0.40995287534507435,0.0,4.0,LYS 318,ARG 319,LEU 320,ASP 321,GLY 322,0.55,EEETTT  EEE,WEE1,P30291,Protein kinase domain,291.0,575.0
3cqe_A,0.41856685929875864,0.0,3.0,LYS 318,ARG 319,LEU 320,ASP 321,GLY 322,0.515,EEETTT  EEE,WEE1,P30291,Protein kinase domain,291.0,575.0
5hvj_A,0.429466354857777,1.0,6.0,HIS 358,ARG 359,GLU 360,THR 361,GLY 362,0.536,EEETTT  EEE,LIMK1,P53667,Protein kinase domain,329.0,638.0
5hvj_B,0.43067917635811304,1.0,14.0,HIS 358,ARG 359,GLU 360,THR 361,GLY 362,0.503,EEETTT  EEE,LIMK1,P53667,Protein kinase domain,329.0,638.0
5e8f_A,0.4339946747324478,0.0,7.0,ASP 24,ALA 25,GLU 26,THR 27,GLY 28,0.522,EEETTT  EEE,PDE6D,O43924,"GMP phosphodiesterase, delta subunit superfamily",2.0,150.0
3cr0_A,0.43743738687806205,0.0,4.0,LYS 318,ARG 319,LEU 320,ASP 321,GLY 322,0.539,EEETTTTEEEE,WEE1,P30291,Protein kinase domain,291.0,575.0
2v0e_A,0.4381259182437593,0.0,1.0,ASN 2573,LEU 2574,GLU 2575,ASP 2576,GLY 2577,0.685,EEETTTTEEE ,CHD7,Q9P2D1,BRK domain superfamily,2561.0,2614.0
CSNK1DxProtein-kinase-domain-9-224_A,0.4476263185150013,0.0,7.0,ASP 28,ILE 29,ALA 30,ALA 31,GLY 32,0.447,EEETTTTEEEE,CSNK1D,J3QS70,Protein-kinase-domain,9,224
CSNK1DxProtein-kinase-domain-9-277_A,0.4476263185150013,0.0,7.0,ASP 28,ILE 29,ALA 30,ALA 31,GLY 32,0.447,EEETTTTEEEE,CSNK1D,J3QS70,Protein-kinase-domain,9,277
CSNK1DxProtein-kinase-domain-9-287_A,0.4476263185150013,0.0,7.0,ASP 28,ILE 29,ALA 30,ALA 31,GLY 32,0.447,EEETTTTEEEE,CSNK1D,J3QS70,Protein-kinase-domain,9,287
1ksh_B,0.4539478591977116,0.0,4.0,ASP 24,ALA 25,GLU 26,THR 27,GLY 28,0.474,EEETTTTEEEE,PDE6D,O43924,"GMP phosphodiesterase, delta subunit superfamily",1.0,150.0
6pxn_A,0.4768849152948626,0.0,3.0,ASP 28,ILE 29,ALA 30,ALA 31,GLY 32,0.487,EEETTT  EEE,CSNK1D,P48730,Protein kinase domain,1.0,415.0
3uys_A,0.47705211885410903,0.0,1.0,ASP 28,ILE 29,ALA 30,ALA 31,GLY 32,0.547,EEETTTTEEEE,CSNK1D,P48730,Protein kinase domain,1.0,294.0
4jvb_B,0.47915724295106904,0.0,3.0,ASP 24,ALA 25,GLU 26,THR 27,GLY 28,0.436,EEETTT  EEE,PDE6D,O43924,"GMP phosphodiesterase, delta subunit superfamily",1.0,150.0
2dk1_A,0.47977880254511424,1.0,8.0,ASP 23,LEU 24,ILE 25,SER 26,GLY 27,0.422,EEESSS  EES,WBP4,O75554,WW domain,127.0,163.0
6pxp_A,0.48141508146554934,0.0,10.0,ASP 28,ILE 29,ALA 30,ALA 31,GLY 32,0.435,EEESSSS EEE,CSNK1D,P48730,Protein kinase domain,1.0,294.0
7qr9_A,0.4874277374101264,0.0,6.0,ASP 28,ILE 29,ALA 30,ALA 31,GLY 32,0.477,EEETTTTEEEE,CSNK1D,P48730,Protein kinase domain,1.0,294.0
7qr9_D,0.49053416519105647,0.0,9.0,ASP 28,ILE 29,ALA 30,ALA 31,GLY 32,0.467,EEETTTTEEEE,CSNK1D,P48730,Protein kinase domain,1.0,294.0
7qr9_B,0.4912783302268664,0.0,6.0,ASP 28,ILE 29,ALA 30,ALA 31,GLY 32,0.454,EEETTTTEEEE,CSNK1D,P48730,Protein kinase domain,1.0,294.0
1ksg_B,0.49194682337560763,0.0,7.0,ASP 24,ALA 25,GLU 26,THR 27,GLY 28,0.5,EEETTTTEEEE,PDE6D,O43924,"GMP phosphodiesterase, delta subunit superfamily",1.0,150.0
6f1w_B,0.49209946475299104,0.0,6.0,ASP 28,ILE 29,ALA 30,ALA 31,GLY 32,0.462,EEETTT  EEE,CSNK1D,P48730,Protein kinase domain,1.0,294.0
7qr9_C,0.49366297387328384,0.0,6.0,ASP 28,ILE 29,ALA 30,ALA 31,GLY 32,0.468,EEETTTTEEEE,CSNK1D,P48730,Protein kinase domain,1.0,294.0
6pxp_B,0.49420424826673515,0.0,6.0,ASP 28,ILE 29,ALA 30,ALA 31,GLY 32,0.425,EEETTT  EEE,CSNK1D,P48730,Protein kinase domain,1.0,294.0
4kb8_C,0.4945041112417905,0.0,2.0,ASP 28,ILE 29,ALA 30,ALA 31,GLY 32,0.594,EEETTTTEEEE,CSNK1D,P48730,Protein kinase domain,3.0,317.0
6ru8_A,0.4951365670217874,0.0,3.0,ASP 28,ILE 29,ALA 30,ALA 31,GLY 32,0.515,EEETTTTEEEE,CSNK1D,P48730,Protein kinase domain,1.0,294.0
6ru7_A,0.49600833834820207,0.0,4.0,ASP 28,ILE 29,ALA 30,ALA 31,GLY 32,0.523,EEETTTTEEEE,CSNK1D,P48730,Protein kinase domain,1.0,294.0
7b8w_D,0.496484447150811,0.0,7.0,HIS 358,ARG 359,GLU 360,THR 361,GLY 362,0.532,EEETTT  EEE,LIMK1,P53667,Protein kinase domain,330.0,637.0
4kb8_D,0.4967308694564457,0.0,3.0,ASP 28,ILE 29,ALA 30,ALA 31,GLY 32,0.507,EEETTTTEEEE,CSNK1D,P48730,Protein kinase domain,3.0,317.0
6ru8_D,0.4968203927382467,0.0,5.0,ASP 28,ILE 29,ALA 30,ALA 31,GLY 32,0.507,EEETTTTEEEE,CSNK1D,P48730,Protein kinase domain,1.0,294.0
7qrb_A,0.49747960709767153,0.0,4.0,ASP 28,ILE 29,ALA 30,ALA 31,GLY 32,0.471,EEETTTTEEEE,CSNK1D,P48730,Protein kinase domain,1.0,294.0
6f26_B,0.4982089716953506,0.0,4.0,ASP 28,ILE 29,ALA 30,ALA 31,GLY 32,0.45,EEETTT  EEE,CSNK1D,P48730,Protein kinase domain,1.0,294.0
6ru8_C,0.4999537307352896,0.0,5.0,ASP 28,ILE 29,ALA 30,ALA 31,GLY 32,0.507,EEETTTTEEEE,CSNK1D,P48730,Protein kinase domain,1.0,294.0
4kb8_A,0.5007442675773169,0.0,3.0,ASP 28,ILE 29,ALA 30,ALA 31,GLY 32,0.487,EEETTTTEEEE,CSNK1D,P48730,Protein kinase domain,3.0,317.0
6ru7_B,0.5011597768818098,0.0,5.0,ASP 28,ILE 29,ALA 30,ALA 31,GLY 32,0.513,EEETTTTEEEE,CSNK1D,P48730,Protein kinase domain,1.0,294.0
4kb8_B,0.5013286980706649,0.0,3.0,ASP 28,ILE 29,ALA 30,ALA 31,GLY 32,0.502,EEETTTTEEEE,CSNK1D,P48730,Protein kinase domain,3.0,317.0
6ru8_B,0.5017913830127563,0.0,4.0,ASP 28,ILE 29,ALA 30,ALA 31,GLY 32,0.532,EEETTTTEEEE,CSNK1D,P48730,Protein kinase domain,1.0,294.0
7p7f_B,0.5018792250714313,0.0,4.0,ASP 28,ILE 29,ALA 30,ALA 31,GLY 32,0.523,EEETTTTEEEE,CSNK1D,P48730,Protein kinase domain,1.0,294.0
5ih5_A,0.5022497024290086,0.0,2.0,ASP 28,ILE 29,ALA 30,ALA 31,GLY 32,0.455,EEETTTTEEEE,CSNK1D,P48730,Protein kinase domain,1.0,294.0
6pxo_B,0.5026634568527599,0.0,4.0,ASP 28,ILE 29,ALA 30,ALA 31,GLY 32,0.538,EEETTT  EEE,CSNK1D,P48730,Protein kinase domain,1.0,294.0
6f26_A,0.5030211932453823,0.0,4.0,ASP 28,ILE 29,ALA 30,ALA 31,GLY 32,0.47,EEETTT  EEE,CSNK1D,P48730,Protein kinase domain,1.0,294.0
WBP4xWW-domain-122-155_A,0.5066182534712101,0.0,1.0,ASP 142,LEU 143,ILE 144,SER 145,GLY 146,0.692,EEETTT  EES,WBP4,O75554,WW-domain,122,155
WBP4xWW-domain-127-153_A,0.5066182534712101,0.0,1.0,ASP 142,LEU 143,ILE 144,SER 145,GLY 146,0.702,EE TTT  EES,WBP4,O75554,WW-domain,127,153
6ru6_B,0.507305523068361,0.0,5.0,ASP 28,ILE 29,ALA 30,ALA 31,GLY 32,0.491,EEETTTTEEEE,CSNK1D,P48730,Protein kinase domain,1.0,294.0
3uzp_A,0.5081026590316591,1.0,10.0,ASP 28,ILE 29,ALA 30,ALA 31,GLY 32,0.497,EEETTTTEEEE,CSNK1D,P48730,Protein kinase domain,1.0,294.0
7qrb_D,0.5085492408318693,0.0,5.0,ASP 28,ILE 29,ALA 30,ALA 31,GLY 32,0.453,EEETTTTEEEE,CSNK1D,P48730,Protein kinase domain,1.0,294.0
7p7f_A,0.5090672218014096,0.0,3.0,ASP 28,ILE 29,ALA 30,ALA 31,GLY 32,0.531,EEETTTTEEEE,CSNK1D,P48730,Protein kinase domain,1.0,294.0
6ru6_A,0.5095119089858366,0.0,3.0,ASP 28,ILE 29,ALA 30,ALA 31,GLY 32,0.532,EEETTTTEEEE,CSNK1D,P48730,Protein kinase domain,1.0,294.0
7qrb_B,0.5118490439289731,0.0,5.0,ASP 28,ILE 29,ALA 30,ALA 31,GLY 32,0.486,EEETTTTEEEE,CSNK1D,P48730,Protein kinase domain,1.0,294.0
7qrb_C,0.5138437351562078,0.0,5.0,ASP 28,ILE 29,ALA 30,ALA 31,GLY 32,0.475,EEETTTTEEEE,CSNK1D,P48730,Protein kinase domain,1.0,294.0
7nzy_D,0.515381570936887,0.0,3.0,ASP 28,ILE 29,ALA 30,ALA 31,GLY 32,0.502,EEETTTTEEEE,CSNK1D,P48730,Protein kinase domain,1.0,294.0
7nzy_C,0.516435215557963,0.0,4.0,ASP 28,ILE 29,ALA 30,ALA 31,GLY 32,0.532,EEETTTTEEEE,CSNK1D,P48730,Protein kinase domain,1.0,294.0
7qra_B,0.5180797372646648,0.0,4.0,ASP 28,ILE 29,ALA 30,ALA 31,GLY 32,0.488,EEETTTTEEEE,CSNK1D,P48730,Protein kinase domain,1.0,294.0
2jxw_A,0.5186522665747664,0.0,3.0,ASP 21,LEU 22,ILE 23,SER 24,GLY 25,0.7,EEETTTTEEE ,WBP4,O75554,WW domain,122.0,196.0
7qra_A,0.5186882914467755,0.0,5.0,ASP 28,ILE 29,ALA 30,ALA 31,GLY 32,0.502,EEETTTTEEEE,CSNK1D,P48730,Protein kinase domain,1.0,294.0
4hnf_A,0.5202294454460855,1.0,8.0,ASP 28,ILE 29,ALA 30,ALA 31,GLY 32,0.424,EEETTTTEEEE,CSNK1D,P48730,Protein kinase domain,1.0,294.0
7qra_D,0.5219750723004678,0.0,5.0,ASP 28,ILE 29,ALA 30,ALA 31,GLY 32,0.452,EEETTTTEEEE,CSNK1D,P48730,Protein kinase domain,1.0,294.0
3uys_D,0.5282743646605494,0.0,2.0,ASP 28,ILE 29,ALA 30,ALA 31,GLY 32,0.541,EEETTTTEEEE,CSNK1D,P48730,Protein kinase domain,1.0,294.0
7qra_C,0.5287203314003712,0.0,4.0,ASP 28,ILE 29,ALA 30,ALA 31,GLY 32,0.453,EEETTTTEEEE,CSNK1D,P48730,Protein kinase domain,1.0,294.0
5ih4_A,0.5294180941683289,0.0,2.0,ASP 28,ILE 29,ALA 30,ALA 31,GLY 32,0.456,EEETTTTEEEE,CSNK1D,P48730,Protein kinase domain,1.0,294.0
7p7h_B,0.531048381631662,0.0,4.0,ASP 28,ILE 29,ALA 30,ALA 31,GLY 32,0.491,EEETTTTEEEE,CSNK1D,P48730,Protein kinase domain,1.0,294.0
6gzm_A,0.5315107825096599,0.0,3.0,ASP 28,ILE 29,ALA 30,ALA 31,GLY 32,0.519,EEETTTTEEEE,CSNK1D,P48730,Protein kinase domain,1.0,295.0
7p7f_D,0.5316707526343201,0.0,4.0,ASP 28,ILE 29,ALA 30,ALA 31,GLY 32,0.473,EEETTTTEEEE,CSNK1D,P48730,Protein kinase domain,1.0,294.0
4kba_B,0.5320541430013803,0.0,3.0,ASP 28,ILE 29,ALA 30,ALA 31,GLY 32,0.474,EEETTTTEEEE,CSNK1D,P48730,Protein kinase domain,3.0,317.0
5okt_C,0.5330402468435803,0.0,3.0,ASP 28,ILE 29,ALA 30,ALA 31,GLY 32,0.536,EEETTTTEEEE,CSNK1D,P48730,Protein kinase domain,1.0,294.0
4kba_D,0.534143865498518,0.0,5.0,ASP 28,ILE 29,ALA 30,ALA 31,GLY 32,0.499,EEETTTTEEEE,CSNK1D,P48730,Protein kinase domain,3.0,317.0
6f1w_A,0.5342659985882396,0.0,3.0,ASP 28,ILE 29,ALA 30,ALA 31,GLY 32,0.427,EEETTT  EEE,CSNK1D,P48730,Protein kinase domain,1.0,294.0
7p7f_C,0.5351828587698813,0.0,7.0,ASP 28,ILE 29,ALA 30,ALA 31,GLY 32,0.452,EEETTTTEEEE,CSNK1D,P48730,Protein kinase domain,1.0,294.0
6hmp_B,0.5368816370694386,1.0,10.0,ASP 28,ILE 29,ALA 30,ALA 31,GLY 32,0.435,EEETTTTEEEE,CSNK1D,P48730,Protein kinase domain,1.0,294.0
3uyt_A,0.5390802361890863,1.0,8.0,ASP 28,ILE 29,ALA 30,ALA 31,GLY 32,0.473,EEETTTTEEEE,CSNK1D,P48730,Protein kinase domain,1.0,294.0
7p7h_A,0.5400718890333687,1.0,8.0,ASP 28,ILE 29,ALA 30,ALA 31,GLY 32,0.453,EEETTTTEEEE,CSNK1D,P48730,Protein kinase domain,1.0,294.0
4kba_A,0.5403379996760909,0.0,3.0,ASP 28,ILE 29,ALA 30,ALA 31,GLY 32,0.457,EEETTTTEEEE,CSNK1D,P48730,Protein kinase domain,3.0,317.0
4kba_C,0.541915959281419,0.0,1.0,ASP 28,ILE 29,ALA 30,ALA 31,GLY 32,0.517,EEETTTTEEEE,CSNK1D,P48730,Protein kinase domain,3.0,317.0
6rch_A,0.5427809214781324,0.0,3.0,ASP 28,ILE 29,ALA 30,ALA 31,GLY 32,0.547,EEETTTTEEEE,CSNK1D,P48730,Protein kinase domain,1.0,294.0
7p7g_B,0.5430115362489837,1.0,8.0,ASP 28,ILE 29,ALA 30,ALA 31,GLY 32,0.51,EEETTTTEEEE,CSNK1D,P48730,Protein kinase domain,1.0,294.0
4kbk_B,0.5444360454068277,0.0,4.0,ASP 28,ILE 29,ALA 30,ALA 31,GLY 32,0.499,EEETTTTEEEE,CSNK1D,P48730,Protein kinase domain,3.0,317.0
4kbk_C,0.5444426136066578,0.0,2.0,ASP 28,ILE 29,ALA 30,ALA 31,GLY 32,0.574,EEETTTTEEEE,CSNK1D,P48730,Protein kinase domain,3.0,317.0
5okt_D,0.5449492612231581,0.0,3.0,ASP 28,ILE 29,ALA 30,ALA 31,GLY 32,0.484,EEETTTTEEEE,CSNK1D,P48730,Protein kinase domain,1.0,294.0
3uyt_D,0.544957388605744,0.0,3.0,ASP 28,ILE 29,ALA 30,ALA 31,GLY 32,0.467,EEETTTTEEEE,CSNK1D,P48730,Protein kinase domain,1.0,294.0
3uys_B,0.5464756144544134,1.0,5.0,ASP 28,ILE 29,ALA 30,ALA 31,GLY 32,0.517,EEETTTTEEEE,CSNK1D,P48730,Protein kinase domain,1.0,294.0
4kbk_A,0.5501727284555923,0.0,7.0,ASP 28,ILE 29,ALA 30,ALA 31,GLY 32,0.473,EEETTTTEEEE,CSNK1D,P48730,Protein kinase domain,3.0,317.0
4hgt_B,0.5503984820330667,1.0,6.0,ASP 28,ILE 29,ALA 30,ALA 31,GLY 32,0.51,EEETTTTEEEE,CSNK1D,P48730,Protein kinase domain,1.0,294.0
7nzy_A,0.5518936178951399,0.0,3.0,ASP 28,ILE 29,ALA 30,ALA 31,GLY 32,0.499,EEETTTTEEEE,CSNK1D,P48730,Protein kinase domain,1.0,294.0
4kbk_D,0.5524916482287793,0.0,5.0,ASP 28,ILE 29,ALA 30,ALA 31,GLY 32,0.463,EEETTTTEEEE,CSNK1D,P48730,Protein kinase domain,3.0,317.0
6pxo_A,0.5542145630192498,0.0,4.0,ASP 28,ILE 29,ALA 30,ALA 31,GLY 32,0.441,EEETTT  EEE,CSNK1D,P48730,Protein kinase domain,1.0,294.0
3uzp_B,0.5545307336013103,1.0,8.0,ASP 28,ILE 29,ALA 30,ALA 31,GLY 32,0.466,EEETTTTEEEE,CSNK1D,P48730,Protein kinase domain,1.0,294.0
3uys_C,0.5549149424657681,0.0,3.0,ASP 28,ILE 29,ALA 30,ALA 31,GLY 32,0.533,EEETTTTEEEE,CSNK1D,P48730,Protein kinase domain,1.0,294.0
6pxn_B,0.5603439279841917,0.0,5.0,ASP 28,ILE 29,ALA 30,ALA 31,GLY 32,0.464,EEETTT  EEE,CSNK1D,P48730,Protein kinase domain,1.0,415.0
4twc_B,0.5624789823684023,1.0,11.0,ASP 28,ILE 29,ALA 30,ALA 31,GLY 32,0.419,EEETTTTEEEE,CSNK1D,P48730,Protein kinase domain,1.0,295.0
5okt_B,0.5626069091863062,0.0,3.0,ASP 28,ILE 29,ALA 30,ALA 31,GLY 32,0.56,EEETTTTEEEE,CSNK1D,P48730,Protein kinase domain,1.0,294.0
3uyt_C,0.566131855354252,0.0,5.0,ASP 28,ILE 29,ALA 30,ALA 31,GLY 32,0.51,EEETTTTEEEE,CSNK1D,P48730,Protein kinase domain,1.0,294.0
5okt_A,0.5667233727182976,0.0,4.0,ASP 28,ILE 29,ALA 30,ALA 31,GLY 32,0.575,EEETTTTEEEE,CSNK1D,P48730,Protein kinase domain,1.0,294.0
4kbc_B,0.5696409522628875,0.0,6.0,ASP 28,ILE 29,ALA 30,ALA 31,GLY 32,0.508,EEETTTTEEEE,CSNK1D,P48730,Protein kinase domain,1.0,317.0
2ckc_A,0.574314695108158,0.0,2.0,ASN 2573,LEU 2574,GLU 2575,ASP 2576,GLY 2577,0.647,EEETTTTEEE ,CHD7,Q9P2D1,BRK domain superfamily,2557.0,2622.0
4twc_A,0.5749026768699821,1.0,8.0,ASP 28,ILE 29,ALA 30,ALA 31,GLY 32,0.35,EEETTTTEEEE,CSNK1D,P48730,Protein kinase domain,1.0,295.0
3uyt_B,0.5762284061584133,1.0,8.0,ASP 28,ILE 29,ALA 30,ALA 31,GLY 32,0.491,EEETTTTEEEE,CSNK1D,P48730,Protein kinase domain,1.0,294.0
5ih6_A,0.5816422380912996,0.0,1.0,ASP 28,ILE 29,ALA 30,ALA 31,GLY 32,0.538,EEETTTTEEEE,CSNK1D,P48730,Protein kinase domain,1.0,294.0
4hnf_B,0.5894558481306252,0.0,9.0,ASP 28,ILE 29,ALA 30,ALA 31,GLY 32,0.509,EEETTTTEEEE,CSNK1D,P48730,Protein kinase domain,1.0,294.0
6rch_B,0.5931066307519242,1.0,5.0,ASP 28,ILE 29,ALA 30,ALA 31,GLY 32,0.452,EEETTTTEEEE,CSNK1D,P48730,Protein kinase domain,1.0,294.0
4tn6_B,0.5938072792441705,0.0,4.0,ASP 28,ILE 29,ALA 30,ALA 31,GLY 32,0.504,EEETTTTEEEE,CSNK1D,P48730,Protein kinase domain,1.0,301.0
6hmr_B,0.5947365754267859,1.0,4.0,ASP 28,ILE 29,ALA 30,ALA 31,GLY 32,0.46,EEETTTTEEEE,CSNK1D,P48730,Protein kinase domain,1.0,294.0
5mqv_E,0.5972696920012491,0.0,5.0,ASP 28,ILE 29,ALA 30,ALA 31,GLY 32,0.432,EEETTTTEEEE,CSNK1D,P48730,Protein kinase domain,1.0,294.0
2hck_B,0.5999536909475726,0.0,7.0,ALA 433,ILE 434,ASN 435,PHE 436,GLY 437,0.442,HHHHHH    H,HCK,P08631,Protein kinase domain,79.0,526.0
5h0g_A,0.6052031187659143,1.0,11.0,ALA 433,ILE 434,ASN 435,PHE 436,GLY 437,0.427,HHHHHH    H,HCK,P08631,Protein kinase domain,81.0,526.0
5mqv_B,0.6056702450924498,0.0,6.0,ASP 28,ILE 29,ALA 30,ALA 31,GLY 32,0.447,EEETTTTEEEE,CSNK1D,P48730,Protein kinase domain,1.0,294.0
5h0e_A,0.6080432315672611,0.0,9.0,ALA 433,ILE 434,ASN 435,PHE 436,GLY 437,0.43,HHHHHH    H,HCK,P08631,Protein kinase domain,81.0,526.0
5h0b_A,0.6096597968274892,1.0,10.0,ALA 433,ILE 434,ASN 435,PHE 436,GLY 437,0.493,HHHHHH    H,HCK,P08631,Protein kinase domain,81.0,526.0
2hck_A,0.6098737346362352,0.0,4.0,ALA 433,ILE 434,ASN 435,PHE 436,GLY 437,0.472,HHHHHH    H,HCK,P08631,Protein kinase domain,79.0,526.0
6rcg_A,0.6100461899456798,1.0,6.0,ASP 28,ILE 29,ALA 30,ALA 31,GLY 32,0.438,EEETTTTEEEE,CSNK1D,P48730,Protein kinase domain,1.0,294.0
5h09_A,0.6123433021799355,1.0,11.0,ALA 433,ILE 434,ASN 435,PHE 436,GLY 437,0.427,HHHHHH    H,HCK,P08631,Protein kinase domain,81.0,526.0
4hgt_A,0.613365662923623,0.0,2.0,ASP 28,ILE 29,ALA 30,ALA 31,GLY 32,0.559,EEETTTTEEEE,CSNK1D,P48730,Protein kinase domain,1.0,294.0
5mqv_D,0.6145944037431909,0.0,4.0,ASP 28,ILE 29,ALA 30,ALA 31,GLY 32,0.481,EEETTTTEEEE,CSNK1D,P48730,Protein kinase domain,1.0,294.0
5mqv_F,0.6147948100991857,0.0,5.0,ASP 28,ILE 29,ALA 30,ALA 31,GLY 32,0.453,EEETTTTEEEE,CSNK1D,P48730,Protein kinase domain,1.0,294.0
5mqv_A,0.6169962777863056,0.0,8.0,ASP 28,ILE 29,ALA 30,ALA 31,GLY 32,0.383,EEETTTTEEEE,CSNK1D,P48730,Protein kinase domain,1.0,294.0
5h0h_A,0.6190741387786047,1.0,10.0,ALA 433,ILE 434,ASN 435,PHE 436,GLY 437,0.506,HHHHHH    H,HCK,P08631,Protein kinase domain,81.0,526.0
2c0i_B,0.6196630885778311,0.0,3.0,ALA 407,ILE 408,ASN 409,PHE 410,GLY 411,0.501,HHHHHH    H,HCK,P08631,Protein kinase domain,81.0,526.0
2c0i_A,0.6219669584598487,0.0,5.0,ALA 407,ILE 408,ASN 409,PHE 410,GLY 411,0.528,HHHHHH    H,HCK,P08631,Protein kinase domain,81.0,526.0
4tw9_B,0.6231526044976593,1.0,9.0,ASP 28,ILE 29,ALA 30,ALA 31,GLY 32,0.401,EEETTTTEEEE,CSNK1D,P48730,Protein kinase domain,1.0,295.0
3vry_A,0.6231659157183642,0.0,3.0,ALA 433,ILE 434,ASN 435,PHE 436,GLY 437,0.551,HHHHHH    H,HCK,P08631,Protein kinase domain,81.0,526.0
2c0o_A,0.6247271494254025,0.0,5.0,ALA 407,ILE 408,ASN 409,PHE 410,GLY 411,0.549,HHHHHT    H,HCK,P08631,Protein kinase domain,81.0,526.0
2c0o_B,0.6248221833329871,0.0,3.0,ALA 407,ILE 408,ASN 409,PHE 410,GLY 411,0.528,HHHHHT    H,HCK,P08631,Protein kinase domain,81.0,526.0
3vs5_A,0.6279531415487866,0.0,3.0,ALA 433,ILE 434,ASN 435,PHE 436,GLY 437,0.604,HHHHHH    H,HCK,P08631,Protein kinase domain,81.0,526.0
3vrz_B,0.6341169379422115,0.0,6.0,ALA 433,ILE 434,ASN 435,PHE 436,GLY 437,0.529,HHHHHH    H,HCK,P08631,Protein kinase domain,81.0,526.0
5mqv_C,0.6350542350519877,0.0,8.0,ASP 28,ILE 29,ALA 30,ALA 31,GLY 32,0.419,EEETTTTEEEE,CSNK1D,P48730,Protein kinase domain,1.0,294.0
2c0t_A,0.6366297901825497,0.0,3.0,ALA 407,ILE 408,ASN 409,PHE 410,GLY 411,0.578,HHHHHH    H,HCK,P08631,Protein kinase domain,81.0,526.0
3vs3_B,0.6371946476253921,0.0,7.0,ALA 433,ILE 434,ASN 435,PHE 436,GLY 437,0.454,HHHHHH    H,HCK,P08631,Protein kinase domain,81.0,526.0
4lue_A,0.6376188435809581,0.0,3.0,ALA 433,ILE 434,ASN 435,PHE 436,GLY 437,0.585,HHHHHS    H,HCK,P08631,Protein kinase domain,81.0,526.0
3vs1_A,0.6380239410683499,0.0,2.0,ALA 433,ILE 434,ASN 435,PHE 436,GLY 437,0.608,HHHHHS    H,HCK,P08631,Protein kinase domain,81.0,526.0
4tw9_A,0.6381972367033129,0.0,8.0,ASP 28,ILE 29,ALA 30,ALA 31,GLY 32,0.329,EEETTTTEEEE,CSNK1D,P48730,Protein kinase domain,1.0,295.0
3vs5_B,0.6382880374491785,0.0,5.0,ALA 433,ILE 434,ASN 435,PHE 436,GLY 437,0.51,HHHHHH    H,HCK,P08631,Protein kinase domain,81.0,526.0
3vs4_A,0.6387375950313362,0.0,7.0,ALA 433,ILE 434,ASN 435,PHE 436,GLY 437,0.522,HHHHHH    H,HCK,P08631,Protein kinase domain,81.0,526.0
4lud_A,0.6393656658742901,0.0,2.0,ALA 433,ILE 434,ASN 435,PHE 436,GLY 437,0.659,HHHHTT    H,HCK,P08631,Protein kinase domain,81.0,526.0
3vs6_A,0.6424456576637618,0.0,6.0,ALA 433,ILE 434,ASN 435,PHE 436,GLY 437,0.486,HHHHHH    H,HCK,P08631,Protein kinase domain,81.0,526.0
4lud_B,0.6455354523466298,0.0,3.0,ALA 433,ILE 434,ASN 435,PHE 436,GLY 437,0.592,HHHHTT    H,HCK,P08631,Protein kinase domain,81.0,526.0
3vry_B,0.645948385110943,0.0,4.0,ALA 433,ILE 434,ASN 435,PHE 436,GLY 437,0.532,HHHHHH    H,HCK,P08631,Protein kinase domain,81.0,526.0
3vs0_B,0.6468526064629565,0.0,3.0,ALA 433,ILE 434,ASN 435,PHE 436,GLY 437,0.598,HHHHHS    S,HCK,P08631,Protein kinase domain,81.0,526.0
3vs2_A,0.648490632136488,0.0,2.0,ALA 433,ILE 434,ASN 435,PHE 436,GLY 437,0.544,HHHHHS    H,HCK,P08631,Protein kinase domain,81.0,526.0
3vs7_A,0.6574254290648931,0.0,4.0,ALA 433,ILE 434,ASN 435,PHE 436,GLY 437,0.522,HHHHHS    H,HCK,P08631,Protein kinase domain,81.0,526.0
2c0t_B,0.6580108708807189,0.0,5.0,ALA 407,ILE 408,ASN 409,PHE 410,GLY 411,0.501,HIIIII    H,HCK,P08631,Protein kinase domain,81.0,526.0
3vs3_A,0.667000201602193,0.0,4.0,ALA 433,ILE 434,ASN 435,PHE 436,GLY 437,0.597,HHHHSS    H,HCK,P08631,Protein kinase domain,81.0,526.0
4drh_B,0.6715145028838589,0.0,3.0,TYR 2088,MET 2089,LYS 2090,SER 2091,GLY 2092,0.59,HHHHHH  THH,MTOR,P42345,FKBP12-rapamycin binding domain,2025.0,2114.0
1ad5_A,0.6869358605409595,0.0,4.0,ALA 433,ILE 434,ASN 435,PHE 436,GLY 437,0.491,HHHHHH    H,HCK,P08631,Protein kinase domain,79.0,526.0
3vs4_B,0.689072151542342,0.0,9.0,ALA 433,ILE 434,ASN 435,PHE 436,GLY 437,0.449,HHHHTT    H,HCK,P08631,Protein kinase domain,81.0,526.0
1ad5_B,0.6928006490778048,0.0,4.0,ALA 433,ILE 434,ASN 435,PHE 436,GLY 437,0.508,HHHHHH    H,HCK,P08631,Protein kinase domain,79.0,526.0
1fap_B,0.6973857928121283,0.0,4.0,TYR 2088,MET 2089,LYS 2090,SER 2091,GLY 2092,0.56,HHHHHH  SHH,MTOR,P42345,FKBP12-rapamycin binding domain,2018.0,2112.0
3vs6_B,0.6982045718815262,0.0,3.0,ALA 433,ILE 434,ASN 435,PHE 436,GLY 437,0.56,HHHHTT    H,HCK,P08631,Protein kinase domain,81.0,526.0
PLK3xPOLO-box-domain-569-633_A,0.6985173329874627,0.0,5.0,LEU 620,ARG 621,GLN 622,LEU 623,GLY 624,0.657,HHHHHH   HH,PLK3,Q9H4B4,POLO-box-domain,569,633
PLK3xPOLO-box-domain-567-637_A,0.6985173329874627,0.0,6.0,LEU 620,ARG 621,GLN 622,LEU 623,GLY 624,0.645,HHHHHH   HH,PLK3,Q9H4B4,POLO-box-domain,567,637
3vs7_B,0.6999294181661022,0.0,4.0,ALA 433,ILE 434,ASN 435,PHE 436,GLY 437,0.46,TTTTSS    H,HCK,P08631,Protein kinase domain,81.0,526.0
8er7_D,0.7023194511879959,0.0,5.0,TYR 2088,MET 2089,LYS 2090,SER 2091,GLY 2092,0.501,HHHHHH  HHH,MTOR,P42345,FKBP12-rapamycin binding domain,2019.0,2112.0
3vs2_B,0.705396283192219,0.0,5.0,ALA 433,ILE 434,ASN 435,PHE 436,GLY 437,0.505,HHHHHH    H,HCK,P08631,Protein kinase domain,81.0,526.0
4drh_E,0.7116417325120051,0.0,2.0,TYR 2088,MET 2089,LYS 2090,SER 2091,GLY 2092,0.569,HHHHHH  HHH,MTOR,P42345,FKBP12-rapamycin binding domain,2025.0,2114.0
4jsn_A,0.7290867876734979,0.0,5.0,TYR 2088,MET 2089,LYS 2090,SER 2091,GLY 2092,0.525,HHHHHH  HHH,MTOR,P42345,PIK-related kinase,1376.0,2549.0
4jsn_B,0.7325837608172264,0.0,5.0,TYR 2088,MET 2089,LYS 2090,SER 2091,GLY 2092,0.522,HHHHHH  HHH,MTOR,P42345,PIK-related kinase,1376.0,2549.0
MTORxFKBP12-rapamycin-binding-domain-2015-2113_A,0.7332361240011858,0.0,8.0,TYR 2088,MET 2089,LYS 2090,SER 2091,GLY 2092,0.469,HHHHHH  HHH,MTOR,B1AKP8,FKBP12-rapamycin-binding-domain,2015,2113
8er7_B,0.7337830392696885,0.0,3.0,TYR 2088,MET 2089,LYS 2090,SER 2091,GLY 2092,0.498,HHHHHH  HHH,MTOR,P42345,FKBP12-rapamycin binding domain,2019.0,2112.0
1nsg_B,0.7541441865992506,0.0,1.0,TYR 2088,MET 2089,LYS 2090,SER 2091,GLY 2092,0.589,HHHHHH  HHH,MTOR,P42345,FKBP12-rapamycin binding domain,2019.0,2112.0
2fap_B,0.7541441865992506,0.0,1.0,TYR 2088,MET 2089,LYS 2090,SER 2091,GLY 2092,0.589,HHHHHH  HHH,MTOR,P42345,FKBP12-rapamycin binding domain,2019.0,2112.0
5flc_B,0.7579298446560819,0.0,3.0,TYR 2088,MET 2089,LYS 2090,SER 2091,GLY 2092,0.548,HHHHHH  HHH,MTOR,P42345,PIK-related kinase,1382.0,2549.0
5flc_F,0.75867570049528,0.0,3.0,TYR 2088,MET 2089,LYS 2090,SER 2091,GLY 2092,0.549,HHHHHH  HHH,MTOR,P42345,PIK-related kinase,1382.0,2549.0
3e1y_F,0.7633568438933365,0.0,3.0,ASP 571,LYS 572,LYS 573,SER 574,GLY 575,0.529,   SSTT   S,GSPT1,P15170,"Translation elongation factor EFTu/EF1A, C-terminal",301.0,499.0
6m4u_F,0.7636284556461714,0.0,3.0,TYR 2088,MET 2089,LYS 2090,SER 2091,GLY 2092,0.556,HHHHHH  HHH,MTOR,P42345,FKBP12-rapamycin binding domain,2021.0,2113.0
3e1y_E,0.7643071639754893,0.0,3.0,ASP 571,LYS 572,LYS 573,SER 574,GLY 575,0.524,   SSTT   S,GSPT1,P15170,"Translation elongation factor EFTu/EF1A, C-terminal",301.0,499.0
3vrz_A,0.7706973353482166,0.0,6.0,ALA 433,ILE 434,ASN 435,PHE 436,GLY 437,0.537,HHHHTSS   H,HCK,P08631,Protein kinase domain,81.0,526.0
8er6_D,0.7713431204355056,0.0,7.0,TYR 2088,MET 2089,LYS 2090,SER 2091,GLY 2092,0.395,HHHHHH  HHH,MTOR,P42345,FKBP12-rapamycin binding domain,2019.0,2112.0
8er6_B,0.7773783749652878,0.0,5.0,TYR 2088,MET 2089,LYS 2090,SER 2091,GLY 2092,0.501,HHHHHH  HHH,MTOR,P42345,FKBP12-rapamycin binding domain,2019.0,2112.0
4fap_B,0.7800081657262964,0.0,2.0,TYR 177,MET 178,LYS 179,SER 180,GLY 181,0.582,HHHHHH  HHH,MTOR,P42345,FKBP12-rapamycin binding domain,2019.0,2112.0
4dri_B,0.7841675751791043,0.0,6.0,TYR 2088,MET 2089,LYS 2090,SER 2091,GLY 2092,0.359,HHHHHH  HHH,MTOR,P42345,FKBP12-rapamycin binding domain,2025.0,2114.0
3vs0_A,0.7847667023736798,0.0,7.0,ALA 433,ILE 434,ASN 435,PHE 436,GLY 437,0.534,HHHHSS    S,HCK,P08631,Protein kinase domain,81.0,526.0
8er6_F,0.7875894318583581,0.0,1.0,TYR 2088,MET 2089,LYS 2090,SER 2091,GLY 2092,0.538,HHHHHH  THH,MTOR,P42345,FKBP12-rapamycin binding domain,2019.0,2112.0
4drj_B,0.7915706834581381,0.0,6.0,TYR 2088,MET 2089,LYS 2090,SER 2091,GLY 2092,0.447,HHHHHH  HHH,MTOR,P42345,FKBP12-rapamycin binding domain,2025.0,2114.0
2npu_A,0.7943899097024727,0.0,3.0,TYR 2088,MET 2089,LYS 2090,SER 2091,GLY 2092,0.614,HHHHHT  HHH,MTOR,P42345,FKBP12-rapamycin binding domain,2015.0,2114.0
3e1y_H,0.7994723826565124,0.0,2.0,ASP 571,LYS 572,LYS 573,SER 574,GLY 575,0.553,   SSTT   S,GSPT1,P15170,"Translation elongation factor EFTu/EF1A, C-terminal",301.0,499.0
6m4w_I,0.8037570968442731,0.0,1.0,TYR 2088,MET 2089,LYS 2090,SER 2091,GLY 2092,0.525,HHHHHH  TTH,MTOR,P42345,FKBP12-rapamycin binding domain,2021.0,2113.0
3e1y_G,0.8038558240579352,0.0,2.0,ASP 571,LYS 572,LYS 573,SER 574,GLY 575,0.55,   SSTT   S,GSPT1,P15170,"Translation elongation factor EFTu/EF1A, C-terminal",301.0,499.0
8er7_F,0.805688564756821,0.0,1.0,TYR 2088,MET 2089,LYS 2090,SER 2091,GLY 2092,0.584,HHHHHH  HHH,MTOR,P42345,FKBP12-rapamycin binding domain,2019.0,2112.0
5gpg_B,0.8067939263599568,0.0,12.0,TYR 2088,MET 2089,LYS 2090,SER 2091,GLY 2092,0.314, HHHHH  HHH,MTOR,P42345,FKBP12-rapamycin binding domain,2021.0,2112.0
6m4w_G,0.809014822836548,0.0,1.0,TYR 2088,MET 2089,LYS 2090,SER 2091,GLY 2092,0.503,HHHHHH  HHH,MTOR,P42345,FKBP12-rapamycin binding domain,2021.0,2113.0
1aue_B,0.8131143789091464,0.0,1.0,TYR 2089,MET 2090,LYS 2091,SER 2092,GLY 2093,0.534,HHHHHH  HHH,MTOR,P42345,FKBP12-rapamycin binding domain,2015.0,2114.0
4jt6_A,0.8173699773479907,0.0,1.0,TYR 2088,MET 2089,LYS 2090,SER 2091,GLY 2092,0.612,HHHHHH  SSH,MTOR,P42345,PIK-related kinase,1376.0,2549.0
4jsv_A,0.8185650666701709,0.0,1.0,TYR 2088,MET 2089,LYS 2090,SER 2091,GLY 2092,0.637,HHHHHH  SSH,MTOR,P42345,PIK-related kinase,1376.0,2549.0
1aue_A,0.8197262959639744,0.0,8.0,TYR 2089,MET 2090,LYS 2091,SER 2092,GLY 2093,0.445,HHHHHH  THH,MTOR,P42345,FKBP12-rapamycin binding domain,2015.0,2114.0
4jsv_B,0.8223937192279835,0.0,1.0,TYR 2088,MET 2089,LYS 2090,SER 2091,GLY 2092,0.621,HHHHHH  SSH,MTOR,P42345,PIK-related kinase,1376.0,2549.0
6m4u_B,0.8226314633742138,0.0,4.0,TYR 2088,MET 2089,LYS 2090,SER 2091,GLY 2092,0.55,HHHHHH  HHH,MTOR,P42345,FKBP12-rapamycin binding domain,2021.0,2113.0
4jt6_B,0.8254402536136999,0.0,1.0,TYR 2088,MET 2089,LYS 2090,SER 2091,GLY 2092,0.61,HHHHHH  SSH,MTOR,P42345,PIK-related kinase,1376.0,2549.0
4jsx_A,0.8288851029649422,0.0,1.0,TYR 2088,MET 2089,LYS 2090,SER 2091,GLY 2092,0.618,HHHHHH  SHH,MTOR,P42345,PIK-related kinase,1376.0,2549.0
2rse_B,0.8292555925712575,0.0,1.0,TYR 1078,MET 1079,LYS 1080,SER 1081,GLY 1082,0.616,HHHHHH  HHH,MTOR,P42345,FKBP12-rapamycin binding domain,2019.0,2112.0
3fap_B,0.8293362707349673,0.0,1.0,TYR 177,MET 178,LYS 179,SER 180,GLY 181,0.616,HHHHHH  HHH,MTOR,P42345,FKBP12-rapamycin binding domain,2019.0,2112.0
4jsp_A,0.8298421708655173,0.0,1.0,TYR 2088,MET 2089,LYS 2090,SER 2091,GLY 2092,0.587,HHHHHH  SSH,MTOR,P42345,PIK-related kinase,1376.0,2549.0
4jsp_B,0.8341197409481088,0.0,1.0,TYR 2088,MET 2089,LYS 2090,SER 2091,GLY 2092,0.582,HHHHHH  SSH,MTOR,P42345,PIK-related kinase,1376.0,2549.0
4jsx_B,0.8359613971761587,0.0,1.0,TYR 2088,MET 2089,LYS 2090,SER 2091,GLY 2092,0.591,HHHHHH  SHH,MTOR,P42345,PIK-related kinase,1376.0,2549.0
3vs1_B,0.8431515187419655,0.0,12.0,ALA 433,ILE 434,ASN 435,PHE 436,GLY 437,0.416,HHHHSS    H,HCK,P08631,Protein kinase domain,81.0,526.0
4jt5_A,0.8517375122501359,0.0,1.0,TYR 2088,MET 2089,LYS 2090,SER 2091,GLY 2092,0.557,HHHHHH  SSS,MTOR,P42345,PIK-related kinase,1376.0,2549.0
4jt5_B,0.8555937313314592,0.0,1.0,TYR 2088,MET 2089,LYS 2090,SER 2091,GLY 2092,0.558,HHHHHH  SSS,MTOR,P42345,PIK-related kinase,1376.0,2549.0
6m4w_H,0.8571360831422257,0.0,9.0,TYR 2088,MET 2089,LYS 2090,SER 2091,GLY 2092,0.349,HHHHHH  HHH,MTOR,P42345,FKBP12-rapamycin binding domain,2021.0,2113.0
8byq_7,0.8636493306829345,0.0,4.0,LEU 38,PHE 39,VAL 40,ARG 41,GLY 42,0.619,HHHHHS TTB ,MNAT1,P51948,"Cdk-activating kinase assembly factor MAT1, centre",1.0,309.0
CHD7xSNF2-986-1258_A,0.8811075256416973,1.0,7.0,SER 1230,LYS 1231,GLY 1232,GLY 1233,GLY 1234,0.416,HHTTTS GGGS,CHD7,L8E8D7,SNF2,986,1258
2gaq_A,0.8933358134660967,1.0,14.0,TYR 74,MET 75,LYS 76,SER 77,GLY 78,0.322,HHHHHT  HHH,MTOR,P42345,FKBP12-rapamycin binding domain,2015.0,2114.0
