PDBID,RMSD,Clashing_CA,Clashing,Res0,Res1,Res2,Res3,Res4,Degron,SS,gene,uniprot,domain,domain_fn,start,end,key,compound_score,C2H2
5fqd_C,0.00044241197936347023,0.0,0.0,ILE 37,THR 38,ASN 39,GLY 40,GLU 41,GSFGDIYLAINITNGEEVAVKLESQKAR,EEETTT  EEE,CSNK1A1,P48729,Protein kinase domain,,1.0,337.0,CSNK1A1:ILE 37:THR 38:ASN 39:GLY 40:GLU 41:,2260.3366243354703,0
7bqv_B,0.1639843418599771,0.0,2.0,SER 413,VAL 414,CYS 415,GLY 416,HIS 417,RSHTGERPFVCSVCGHRFTTKGNLKVHF,EEETTT EEE,SALL4,Q9UJQ4,Zinc finger C2H2-type,,410.0,432.0,SALL4:SER 413:VAL 414:CYS 415:GLY 416:HIS 417:,6.098143204757194,1
6h0f_L,0.166236299977165,0.0,0.0,ASN 148,GLN 149,CYS 150,GLY 151,ALA 152,RSHTGERPFQCNQCGASFTQKGNLLRHI,EEETTT EEE,IKZF1,Q13422,Zinc finger C2H2-type,,141.0,174.0,IKZF1:ASN 148:GLN 149:CYS 150:GLY 151:ALA 152:,6.015533310939697,1
2c0i_A,0.17229758192301511,0.0,5.0,ILE 408,ASN 409,PHE 410,GLY 411,SER 412,KFPIKWTAPEAINFGSFTIKSDVWSFGI,HHHHHH    H,HCK,P08631,Protein kinase domain,,81.0,526.0,HCK:ILE 408:ASN 409:PHE 410:GLY 411:SER 412:,5.803911980882085,0
SALL4xZinc-finger-C2H2-type-872-892_A,0.17234518682942168,0.0,4.0,THR 873,ARG 874,CYS 875,GLY 876,LYS 877,QPRRQAKQHGCTRCGKNFSSASALQIHE,EEETTT EEE,SALL4,Q9UJQ4,Zinc finger C2H2-type,Zinc-finger-C2H2-type,872.0,892.0,SALL4:THR 873:ARG 874:CYS 875:GLY 876:LYS 877:,5.802308833781057,1
LIMD1xZinc-finger-597-661_A,0.17280712785128827,0.0,2.0,GLU 631,ASP 632,CYS 633,GLY 634,LEU 635,DRDYHVECYHCEDCGLELNDEDGHRCYP, B TTT  B  ,LIMD1,Q9UGP4,"Zinc finger, LIM-type",Zinc-finger,597.0,661.0,LIMD1:GLU 631:ASP 632:CYS 633:GLY 634:LEU 635:,5.786798336585774,0
SALL4xZinc-finger-C2H2-type-898-920_A,0.18722917949699555,0.0,4.0,ASN 901,ILE 902,CYS 903,GLY 904,ARG 905,RTHTGEKPFVCNICGRAFTTKGNLKVHY,EEETTT EEE,SALL4,Q9UJQ4,Zinc finger C2H2-type,Zinc-finger-C2H2-type,898.0,920.0,SALL4:ASN 901:ILE 902:CYS 903:GLY 904:ARG 905:,5.341047814697318,1
5cem_A,0.18887996557230297,0.0,0.0,ILE 111,HIS 112,THR 113,GLY 114,ARG 115,AEREHVSRALCIHTGRELRCKVFPIKHY,EEETTT  EEE,TRIB1,Q96RU8,Protein kinase domain,,83.0,371.0,TRIB1:ILE 111:HIS 112:THR 113:GLY 114:ARG 115:,5.294367758751002,0
CHD7xBRK-domain-2641-2684_A,0.19165924894416758,0.0,0.0,LYS 1252,ARG 1253,ASN 1254,GLY 1255,LYS 1256,LTGEERVPVVNKRNGKKMGGAMAPPMKD,EEETTT  EE ,CHD7,Q9P2D1,BRK domain,BRK-domain,2641.0,2684.0,CHD7:LYS 1252:ARG 1253:ASN 1254:GLY 1255:LYS 1256:,5.217593231262796,0
SALL4xZinc-finger-C2H2-type-594-621_A,0.19977858005090587,0.0,4.0,LYS 597,ILE 598,CYS 599,GLY 600,ARG 601,RTHTGERPFQCKICGRAFSTKGNLKTHL,EEETTT EEE,SALL4,Q9UJQ4,Zinc finger C2H2-type,Zinc-finger-C2H2-type,594.0,621.0,SALL4:LYS 597:ILE 598:CYS 599:GLY 600:ARG 601:,5.005541633868798,1
IKZF2xZinc-finger-C2H2-type-140-162_A,0.207336670953542,0.0,1.0,ASN 143,GLN 144,CYS 145,GLY 146,ALA 147,RSHTGERPFHCNQCGASFTQKGNLLRHI,EEETTT EEE,IKZF2,Q9UKS7,Zinc finger C2H2-type,Zinc-finger-C2H2-type,140.0,162.0,IKZF2:ASN 143:GLN 144:CYS 145:GLY 146:ALA 147:,4.823073484304522,1
2wqn_A,0.21050799692263097,0.0,5.0,LEU 54,LEU 55,ASP 56,GLY 57,VAL 58,GQFSEVYRAACLLDGVPVALKKVQIFDL,EEETTT  EEE,NEK7,Q8TDX7,Protein kinase domain,,1.0,302.0,NEK7:LEU 54:LEU 55:ASP 56:GLY 57:VAL 58:,4.7504133554011005,0
5h0g_A,0.21524283192223015,1.0,9.0,ILE 434,ASN 435,PHE 436,GLY 437,SER 438,KFPIKWTAPEAINFGSFTIKSDVWSFGI,HHHHHH    H,HCK,P08631,Protein kinase domain,,81.0,526.0,HCK:ILE 434:ASN 435:PHE 436:GLY 437:SER 438:,4.645915457762199,0
3mpm_A,0.21952773101831294,0.0,3.0,ILE 412,ASN 413,TYR 414,GLY 415,THR 416,KFPIKWTAPEAINYGTFTIKSDVWSFGI,HHHHHH    H,LCK,P06239,Protein kinase domain,,237.0,501.0,LCK:ILE 412:ASN 413:TYR 414:GLY 415:THR 416:,4.555233160573141,0
KIFC3xKinesin-motor-domain-451-768_A,0.2390636940143657,0.0,0.0,CYS 660,SER 661,THR 662,GLY 663,LEU 664,ALLIVTVRGVDCSTGLRTTGKLNLVDLA,EEETTT  EEE,KIFC3,Q9BVG8,Kinesin motor domain,Kinesin-motor-domain,451.0,768.0,KIFC3:CYS 660:SER 661:THR 662:GLY 663:LEU 664:,4.182985643733542,0
IKZF2xZinc-finger-C2H2-type-112-139_A,0.24967108042964423,0.0,1.0,ASP 115,VAL 116,CYS 117,GLY 118,MET 119,GIRLPNGKLKCDVCGMVCIGPNVLMVHK,EEETTT EEE,IKZF2,Q9UKS7,Zinc finger C2H2-type,Zinc-finger-C2H2-type,112.0,139.0,IKZF2:ASP 115:VAL 116:CYS 117:GLY 118:MET 119:,4.0052696462848605,1
SCYL1xProtein-kinase-domain-14-314_A,0.26021329793763565,0.0,1.0,LYS 37,ALA 38,THR 39,GLY 40,SER 41,PGPWALHRGRKKATGSPVSIFVYDVKPG,EE TTT  EEE,SCYL1,Q96KG9,Protein kinase domain,Protein-kinase-domain,14.0,314.0,SCYL1:LYS 37:ALA 38:THR 39:GLY 40:SER 41:,3.843001137626972,0
5hxb_A,0.26286894318145465,0.0,1.0,LYS 572,LYS 573,SER 574,GLY 575,GLU 576,VEITALICLVDKKSGEKSKTRPRFVKQD, B TTT  B S,GSPT1,P15170,"Translation elongation factor EFTu/EF1A, C-terminal",,300.0,496.0,GSPT1:LYS 572:LYS 573:SER 574:GLY 575:GLU 576:,3.804177046923776,0
IKZF2xZinc-finger-C2H2-type-196-219_A,0.2687701988226153,0.0,11.0,ASN 199,TYR 200,CYS 201,GLY 202,ARG 203,RTHSVGKPHKCNYCGRSYKQRSSLEEHK,EEETTT EEE,IKZF2,Q9UKS7,Zinc finger C2H2-type,Zinc-finger-C2H2-type,196.0,219.0,IKZF2:ASN 199:TYR 200:CYS 201:GLY 202:ARG 203:,3.7206505943762997,1
IKZF1xZinc-finger-C2H2-type-119-139_A,0.27467235452665506,0.0,1.0,ASP 120,ILE 121,CYS 122,GLY 123,ILE 124,GIRLPNGKLKCDICGIICIGPNVLMVHK,EEETTT EEE,IKZF1,Q13422,Zinc finger C2H2-type,Zinc-finger-C2H2-type,119.0,139.0,IKZF1:ASP 120:ILE 121:CYS 122:GLY 123:ILE 124:,3.6407013065559783,1
PLK3xProtein-kinase-domain-62-314_A,0.27961613170243194,0.0,4.0,THR 82,GLU 83,THR 84,GLY 85,SER 86,GGFARCYEATDTETGSAYAVKVIPQSRV,EE TTT  EEE,PLK3,Q9H4B4,Protein kinase domain,Protein-kinase-domain,62.0,314.0,PLK3:THR 82:GLU 83:THR 84:GLY 85:SER 86:,3.5763315725438978,0
7pad_B,0.2883560751158196,0.0,4.0,ALA 25,GLU 26,THR 27,GLY 28,LYS 29,GFKLNWMNLRDAETGKILWQGTEDLSVP,EEETTT  EEE,PDE6D,O43924,"GMP phosphodiesterase, delta subunit superfamily",,2.0,150.0,PDE6D:ALA 25:GLU 26:THR 27:GLY 28:LYS 29:,3.4679345652708897,0
WBP4xWW-domain-163-196_A,0.2922950049929396,0.0,5.0,THR 184,GLU 185,THR 186,GLY 187,GLU 188,LSEDGFTYYYNTETGESRWEKPDDFIPH,EEETTT  EES,WBP4,O75554,WW domain,WW-domain,163.0,196.0,WBP4:THR 184:GLU 185:THR 186:GLY 187:GLU 188:,3.421201125295162,0
1lck_A,0.29447322600916065,0.0,3.0,LEU 103,THR 104,THR 105,GLY 106,GLN 107,EQSGEWWKAQSLTTGQEGFIPFNFVAKA,EEETTT  EEE,LCK,P06239,SH2 domain superfamily,,53.0,226.0,LCK:LEU 103:THR 104:THR 105:GLY 106:GLN 107:,3.3958944707893117,0
IKZF1xZinc-finger-C2H2-type-201-224_A,0.29827785889353065,0.0,12.0,GLY 204,TYR 205,CYS 206,GLY 207,ARG 208,RTHSVGKPHKCGYCGRSYKQRSSLEEHK,EEETTT EEE,IKZF1,Q13422,Zinc finger C2H2-type,Zinc-finger-C2H2-type,201.0,224.0,IKZF1:GLY 204:TYR 205:CYS 206:GLY 207:ARG 208:,3.3525787120422734,1
8d7m_A,0.29976141983752774,0.0,2.0,ILE 29,ALA 30,ALA 31,GLY 32,GLU 33,GSFGDIYLGTDIAAGEEVAIKLECVKTK,EEETTT  EEE,CSNK1D,P48730,Protein kinase domain,,1.0,294.0,CSNK1D:ILE 29:ALA 30:ALA 31:GLY 32:GLU 33:,3.3359863338718014,0
MNAT1xZinc-finger-3-60_A,0.30718111564892503,0.0,5.0,PRO 47,GLU 48,CYS 49,GLY 50,THR 51,DLLFVRGAGNCPECGTPLRKSNFRVQLF,EE TTT  EEE,MNAT1,P51948,"Zinc finger, RING/FYVE/PHD-type",Zinc-finger,3.0,60.0,MNAT1:PRO 47:GLU 48:CYS 49:GLY 50:THR 51:,3.2554084514195605,0
3a4o_X,0.33165602862095406,0.0,7.0,ILE 184,ASN 185,PHE 186,GLY 187,CYS 188,KFPIKWTAPEAINFGCFTIKSDVWSFGI,HHHHHT   SH,LYN,P07948,Protein kinase domain,,233.0,512.0,LYN:ILE 184:ASN 185:PHE 186:GLY 187:CYS 188:,3.015172087050734,0
4drh_B,0.3349899685820256,0.0,1.0,MET 2089,LYS 2090,SER 2091,GLY 2092,ASN 2093,LMEAQEWCRKYMKSGNVKDLTQAWDLYY,HHHHHH  HHH,MTOR,P42345,FKBP12-rapamycin binding domain,,2025.0,2114.0,MTOR:MET 2089:LYS 2090:SER 2091:GLY 2092:ASN 2093:,2.985164016202891,0
LIMK1xProtein-kinase-domain-339-604_A,0.3396157222968602,1.0,8.0,ARG 359,GLU 360,THR 361,GLY 362,GLU 363,GCFGQAIKVTHRETGEVMVMKELIRFDE,EE TTT  EEE,LIMK1,P53667,Protein kinase domain,Protein-kinase-domain,339.0,604.0,LIMK1:ARG 359:GLU 360:THR 361:GLY 362:GLU 363:,2.944504433531183,0
CHD7xBRK-domain-2563-2605_A,0.3455776053740215,0.0,0.0,LEU 1174,GLU 1175,ASP 1176,GLY 1177,THR 1178,LDPDTRIPVINLEDGTRLVGEDAPKNKD,EEETTT  EE ,CHD7,Q9P2D1,BRK domain superfamily,BRK-domain,2563.0,2605.0,CHD7:LEU 1174:GLU 1175:ASP 1176:GLY 1177:THR 1178:,2.893706028542248,0
TRIB3xProtein-kinase-domain-81-315_A,0.3487094231057595,1.0,8.0,CYS 88,PRO 89,THR 90,GLY 91,THR 92,EEGGRAYQALHCPTGTEYTCKVYPVQEA,EEETTTTEEEE,TRIB3,Q96RU7,Protein kinase domain,Protein-kinase-domain,81.0,315.0,TRIB3:CYS 88:PRO 89:THR 90:GLY 91:THR 92:,2.867717170053967,0
5e80_A,0.36471217865852007,0.0,0.0,ALA 25,ALA 26,THR 27,GLY 28,LYS 29,GFKLNWMNLRDAATGKILWQGTEDLSVP,EEETTT  EEE,PDE6D,O43924,"GMP phosphodiesterase, delta subunit superfamily",,2.0,150.0,PDE6D:ALA 25:ALA 26:THR 27:GLY 28:LYS 29:,2.7418881477393704,0
LIMK1xZinc-finger-84-141_A,0.3654005659676802,0.0,3.0,LEU 112,THR 113,CYS 114,GLY 115,THR 116,ELKYHPECFICLTCGTFIGDGDTYTLVE, B TTT  B  ,LIMK1,P53667,"Zinc finger, LIM-type",Zinc-finger,84.0,141.0,LIMK1:LEU 112:THR 113:CYS 114:GLY 115:THR 116:,2.7367226357510632,0
8bju_A,0.3654473520427518,0.0,10.0,ARG 319,LEU 320,ASP 321,GLY 322,CYS 323,GEFGSVFKCVKRLDGCIYAIKRSKKPLA,EEETTT  EEE,WEE1,P30291,Protein kinase domain,,291.0,575.0,WEE1:ARG 319:LEU 320:ASP 321:GLY 322:CYS 323:,2.7363722692482804,0
2jxw_A,0.41169430334587415,0.0,7.0,THR 63,GLU 64,THR 65,GLY 66,GLU 67,LSEDGFTYYYNTETGESRWEKPDDFIPH,EEETTTTEEES,WBP4,O75554,WW domain,,122.0,196.0,WBP4:THR 63:GLU 64:THR 65:GLY 66:GLU 67:,2.4289867308653923,0
GSPT1xTranslation-elongation-factor-EFTu-EF1A-391-494_A,0.433858322205143,0.0,6.0,LYS 434,LYS 435,SER 436,GLY 437,GLU 438,VEITALICLVDKKSGEKSKTRPRFVKQD,EE TTT  EEE,GSPT1,P15170,"Translation elongation factor EFTu/EF1A, C-terminal",Translation-elongation-factor-EFTu-EF1A,391.0,494.0,GSPT1:LYS 434:LYS 435:SER 436:GLY 437:GLU 438:,2.3048998920139785,0
1aue_B,0.45131278003622144,0.0,1.0,MET 2090,LYS 2091,SER 2092,GLY 2093,ASN 2094,LMEAQEWCRKYMKSGNVKDLTQAWDLYY,HHHHHH  HHH,MTOR,P42345,FKBP12-rapamycin binding domain,,2015.0,2114.0,MTOR:MET 2090:LYS 2091:SER 2092:GLY 2093:ASN 2094:,2.2157582152221393,0
4fap_B,0.4518821947394608,0.0,1.0,MET 178,LYS 179,SER 180,GLY 181,ASN 182,LMEAQEWCRKYMKSGNVKDLTQAWDLYY,HHHHHH  HHH,MTOR,P42345,FKBP12-rapamycin binding domain,,2019.0,2112.0,MTOR:MET 178:LYS 179:SER 180:GLY 181:ASN 182:,2.212966148348829,0
2nz2_A,0.46181216834938926,0.0,0.0,VAL 238,LYS 239,ASP 240,GLY 241,THR 242,FKKGVPVKVTNVKDGTTHQTSLELFMYL,EEETTT  EE ,ASS1,P00966,Argininosuccinate synthase,,1.0,412.0,ASS1:VAL 238:LYS 239:ASP 240:GLY 241:THR 242:,2.1653825267840032,0
WBP4xWW-domain-122-155_A,0.46475839079902814,0.0,0.0,LEU 143,ILE 144,SER 145,GLY 146,ALA 147,ITSEGYHYYYDLISGASQWEKPEGFQGD,EEETTT  EES,WBP4,O75554,WW domain,WW-domain,122.0,155.0,WBP4:LEU 143:ILE 144:SER 145:GLY 146:ALA 147:,2.1516556124586943,0
1h92_A,0.46891268198963265,0.0,5.0,LEU 46,THR 47,THR 48,GLY 49,GLN 50,EQSGEWWKAQSLTTGQEGFIPFNFVAKA,EEESSS  EEE,LCK,P06239,SH3 domain,,58.0,120.0,LCK:LEU 46:THR 47:THR 48:GLY 49:GLN 50:,2.13259320638743,0
2v0e_A,0.4693608811411252,0.0,1.0,LEU 2574,GLU 2575,ASP 2576,GLY 2577,THR 2578,LDPDTRIPVINLEDGTRLVGEDAPKNKD,EEETTTTEEE ,CHD7,Q9P2D1,BRK domain superfamily,,2561.0,2614.0,CHD7:LEU 2574:GLU 2575:ASP 2576:GLY 2577:THR 2578:,2.1305567638461222,0
2dk1_A,0.47018900235325595,0.0,5.0,LEU 24,ILE 25,SER 26,GLY 27,ALA 28,ITSEGYHYYYDLISGASQWEKPEGFQGD,EEESSS  EES,WBP4,O75554,WW domain,,127.0,163.0,WBP4:LEU 24:ILE 25:SER 26:GLY 27:ALA 28:,2.1268043169769713,0
8cuc_F,0.5009435748236776,0.0,3.0,THR 891,HIS 892,THR 893,GLY 894,GLU 895,SSASALQIHERTHTGEKPFVCNICGRAF,EEETTT EEE,SALL4,Q9UJQ4,Zinc finger C2H2-type,,864.0,929.0,SALL4:THR 891:HIS 892:THR 893:GLY 894:GLU 895:,1.9962328099566515,1
2jxw_A,0.5147209691367305,0.0,5.0,LEU 22,ILE 23,SER 24,GLY 25,ALA 26,ITSEGYHYYYDLISGASQWEKPEGFQGD,EEETTTTEEE ,WBP4,O75554,WW domain,,122.0,196.0,WBP4:LEU 22:ILE 23:SER 24:GLY 25:ALA 26:,1.9428001965359216,0
2rse_B,0.5238231316266135,0.0,1.0,MET 1079,LYS 1080,SER 1081,GLY 1082,ASN 1083,LMEAQEWCRKYMKSGNVKDLTQAWDLYY,HHHHHH  HHH,MTOR,P42345,FKBP12-rapamycin binding domain,,2019.0,2112.0,MTOR:MET 1079:LYS 1080:SER 1081:GLY 1082:ASN 1083:,1.90904131494676,0
IKZF2xZinc-finger-C2H2-type-112-139_A,0.542320371654658,0.0,5.0,SER 133,HIS 134,THR 135,GLY 136,GLU 137,IGPNVLMVHKRSHTGERPFHCNQCGASF,EEETTT EEE,IKZF2,Q9UKS7,Zinc finger C2H2-type,Zinc-finger-C2H2-type,112.0,139.0,IKZF2:SER 133:HIS 134:THR 135:GLY 136:GLU 137:,1.8439285195002522,1
IKZF1xZinc-finger-C2H2-type-117-144_A,0.5663173013015781,0.0,6.0,SER 138,HIS 139,THR 140,GLY 141,GLU 142,IGPNVLMVHKRSHTGERPFQCNQCGASF,EEETTT EEE,IKZF1,Q13422,Zinc finger C2H2-type,Zinc-finger-C2H2-type,117.0,144.0,IKZF1:SER 138:HIS 139:THR 140:GLY 141:GLU 142:,1.76579454256771,1
SALL4xZinc-finger-C2H2-type-382-409_A,0.5731423935203314,0.0,5.0,SER 403,HIS 404,THR 405,GLY 406,GLU 407,GTDSSLQIHLRSHTGERPFVCSVCGHRF,EEETTT EEE,SALL4,Q9UJQ4,Zinc finger C2H2-type,Zinc-finger-C2H2-type,382.0,409.0,SALL4:SER 403:HIS 404:THR 405:GLY 406:GLU 407:,1.744767114255572,1
IKZF1xZinc-finger-C2H2-type-490-514_A,0.7043005707581237,0.0,1.0,ILE 509,THR 510,ARG 511,GLY 512,GLU 513,HSQDRYEFSSHITRGEHRFHMS,EEETTT EEE,IKZF1,Q13422,Zinc finger C2H2-type,Zinc-finger-C2H2-type,490.0,514.0,IKZF1:ILE 509:THR 510:ARG 511:GLY 512:GLU 513:,1.419848345321628,1
IKZF2xZinc-finger-C2H2-type-499-523_A,0.7413954399477626,0.0,4.0,ILE 518,VAL 519,ARG 520,GLY 521,GLU 522,RSQDRYEFSSHIVRGEHTFH,EEETTT EEE,IKZF2,Q9UKS7,Zinc finger C2H2-type,Zinc-finger-C2H2-type,499.0,523.0,IKZF2:ILE 518:VAL 519:ARG 520:GLY 521:GLU 522:,1.3488078643570538,1
4b6l_A,0.8000076192982919,0.0,6.0,PRO 56,ARG 57,SER 58,GLY 59,ARG 60,PTSDPGRLITDPRSGRTYLKGRLLGKGG,EE  SS   EE,PLK3,Q9H4B4,Protein kinase domain,,52.0,332.0,PLK3:PRO 56:ARG 57:SER 58:GLY 59:ARG 60:,1.249988094959804,0
8bvw_7,0.8245411494471669,0.0,10.0,GLU 264,MET 265,LEU 266,GLY 267,ARG 268,IETYGPHVPELEMLGRLGYLNHVRAASP,  HHHHTHHHH,MNAT1,P51948,"Cdk-activating kinase assembly factor MAT1, centre",,1.0,309.0,MNAT1:GLU 264:MET 265:LEU 266:GLY 267:ARG 268:,1.2127957478780453,0
CHD7xHelicase-1291-1404_A,0.8847598344461716,1.0,7.0,LYS 1103,ALA 1104,GLY 1105,GLY 1106,HIS 1107,LVLIDKLLPKLKAGGHRVLIFSQMVRCL,HHHHHTT  EE,CHD7,Q9P2D1,"Helicase, C-terminal",Helicase,1291.0,1404.0,CHD7:LYS 1103:ALA 1104:GLY 1105:GLY 1106:HIS 1107:,1.1302502227917757,0
3vs6_B,0.8904392439185136,0.0,8.0,LEU 208,ASP 209,ASN 210,GLY 211,GLY 212,GDTVKHYKIRTLDNGGFYISPRSTFSTL, B  SSS BBS,HCK,P08631,Protein kinase domain,,81.0,526.0,HCK:LEU 208:ASP 209:ASN 210:GLY 211:GLY 212:,1.1230412482713,0
2c0o_A,0.9008350700770521,0.0,9.0,LEU 182,ASP 183,ASN 184,GLY 185,GLY 186,GDTVKHYKIRTLDNGGFYISPRSTFSTL,EB  SSS EES,HCK,P08631,Protein kinase domain,,81.0,526.0,HCK:LEU 182:ASP 183:ASN 184:GLY 185:GLY 186:,1.110081116085396,0
LIMK1xPDZ-domain-166-254_A,0.9061865524961981,1.0,5.0,SER 171,SER 172,HIS 173,GLY 174,LYS 175,PHTVTLVSIPASSHGKRGLSVSIDPPHG,B   TTS   E,LIMK1,P53667,PDZ domain,PDZ-domain,166.0,254.0,LIMK1:SER 171:SER 172:HIS 173:GLY 174:LYS 175:,1.1035255348309703,0
CHD7xChromo-chromo-shadow-domain-882-947_A,0.95223135754497,0.0,3.0,ASP 895,ASP 896,ARG 897,GLY 898,GLU 899,VDRIMDFARSTDDRGEPVTHYLVKWCSL,EEE TTS EEE,CHD7,Q9P2D1,Chromo/chromo shadow domain,Chromo-chromo-shadow-domain,882.0,947.0,CHD7:ASP 895:ASP 896:ARG 897:GLY 898:GLU 899:,1.0501649542167846,0
KIFC3xKinesin-motor-domain-443-776_A,0.9536450510691957,0.0,9.0,CYS 599,PRO 600,ASP 601,GLY 602,SER 603,KEPQEKLEIRLCPDGSGQLYVPGLTEFQ, EE TTS   E,KIFC3,Q9BVG8,Kinesin motor domain,Kinesin-motor-domain,443.0,776.0,KIFC3:CYS 599:PRO 600:ASP 601:GLY 602:SER 603:,1.0486081785658434,0
PLK3xPOLO-box-domain-567-637_A,0.9800521328661675,0.0,5.0,ARG 621,GLN 622,LEU 623,GLY 624,CYS 625,RSACTYLASHLRQLGCSPDLRQRLRYAL,HHHHHH   HH,PLK3,Q9H4B4,POLO box domain,POLO-box-domain,567.0,637.0,PLK3:ARG 621:GLN 622:LEU 623:GLY 624:CYS 625:,1.0203538837015689,0
